{
  "weights": {
    "area": 0.6,
    "alignment": 0.3,
    "lacunarity": 0.1
  },
  "normalisation_bounds": {
    "area_pct": {
      "min": 19.886015170542493,
      "max": 56.77746085011186
    },
    "orientation_dispersion": {
      "min": 0.992485967445228,
      "max": 0.9999955022078888
    },
    "lacunarity_mean": {
      "min": 1.5420597076416016,
      "max": 3.900317716598511
    }
  },
  "per_grade": {
    "Prime": {
      "n": 1,
      "mean": 0.4736012286348723,
      "std": 0.0,
      "median": 0.4736012286348723,
      "p10": 0.4736012286348723,
      "p25": 0.4736012286348723,
      "p75": 0.4736012286348723,
      "p90": 0.4736012286348723
    },
    "Wagyu": {
      "n": 5,
      "mean": 0.5448179893888595,
      "std": 0.2799147959738988,
      "median": 0.5537307508028559,
      "p10": 0.26400989228972216,
      "p25": 0.5100247307243054,
      "p75": 0.7384683867434231,
      "p90": 0.7885070019015971
    }
  }
}