feature,importance
lacunarity_slope,0.16389101219468497
n_flecks,0.04579006604747386
glcm_energy,0.036671169516295045
lacunarity_mean,0.035409035409035464
orientation_dispersion,0.028129078604444902
orientation_anisotropy,0.028129078604444902
glcm_contrast,0.008146889508071842
mean_fleck_area,0.0038547008547008656
glcm_correlation,0.002038624065855732
area_pct,0.0
fleck_solidity,0.0
median_fleck_area,0.0
meat_pct,0.0
glcm_homogeneity,-0.003153669403617132
