label,precision,recall,f1,support
Select,1.0,1.0,1.0,22
Choice,0.95,1.0,0.9743589743589743,38
Prime,0.9354838709677419,1.0,0.9666666666666667,58
Wagyu,1.0,0.9745762711864406,0.9871244635193133,236
